scene,n_beats,r2foot_mean_ms,r2peak_mean_ms,r2foot_median_ms,r2peak_median_ms
run,398,215.09045226130667,412.41708542713536,221.00000000000009,428.9999999999967
sit,43,170.6976744186049,300.6976744186041,132.000000000005,231.99999999999932
walk,727,237.5790921595599,410.1953232462178,253.99999999999955,420.0000000000017
