case_type,n,mean_prob,mean_sdnn,mean_rmssd,mean_sampen,mean_ectopic,mean_sqi,mean_af_ratio
FN,5,0.0001393984122841461,96.99864763409843,129.9889748764545,0.4709503061780416,0.05151011778918753,0.9602394488303402,1.0
FP,5,0.997321081161499,196.7044229479669,283.4487576021644,2.045020778194444,0.3573742047426257,0.9207173520839742,0.0
TN,5,7.384791661024792e-06,49.66659472602247,39.78431628101074,1.252762968495368,0.0,0.9867006596398337,0.0
TP,5,0.9998234868049621,95.16470915900346,124.5617011401541,2.357135935164476,0.2923497267759562,0.9398753986043819,1.0
