metric,value
mean_rr_ms,796.6666666666666
mean_hr_bpm,75.31380753138076
sdnn_ms,19.930434571835665
rr_cv,0.02501728188933347
rmssd_ms,32.82183308824672
pnn50_percent,18.181818181818183
sd1_ms,23.17290381187434
sd2_ms,17.350304258174823
sd1_sd2_ratio,1.3355906309802101
ptt_mean_ms,221.58333333333334
pat_mean_ms,397.6666666666667
rise_time_mean_ms,176.08333333333334
beat_pulse_consistency,0.977735163024002
arrhythmia_index,2.501728188933347
